"date","hy","kpj","zgj","zdj","spj","zd","zdf","jqpjj","cjl"
"2024-01-02","Au99.99",480.8,483.8,480.0,483.66,4.07,"0.85%",481.59,20330.94
"2024-01-03","Au99.99",482.0,483.5,481.03,481.49,-2.17,"-0.45%",482.2,31547.46
"2024-01-04","Au99.99",479.0,482.0,477.0,480.4,-1.09,"-0.23%",480.05,24970.08
"2024-01-05","Au99.99",480.2,482.32,479.2,480.0,-0.4,"-0.08%",481.03,30191.3
"2024-01-08","Au99.99",479.5,483.0,477.86,479.0,-1.0,"-0.21%",480.23,27580.96
"2024-01-09","Au99.99",480.9,480.94,476.0,478.66,-0.34,"-0.07%",479.66,22200.72
"2024-01-10","Au99.99",479.5,480.3,477.9,478.08,-0.58,"-0.12%",478.74,20558.5
"2024-01-11","Au99.99",478.8,480.56,477.71,478.2,0.12,"0.03%",478.6,17794.5
"2024-01-12","Au99.99",478.51,495.0,477.12,479.18,0.98,"0.20%",479.51,17936.5
"2024-01-15","Au99.99",480.1,483.99,480.1,483.44,4.26,"0.89%",482.41,16454.62
"2024-01-16","Au99.99",482.32,484.0,482.32,482.7,-0.74,"-0.15%",482.95,13671.24
"2024-01-17","Au99.99",481.03,482.49,477.11,477.3,-5.4,"-1.12%",479.17,31241.92
"2024-01-18","Au99.99",478.0,479.51,476.0,476.0,-1.3,"-0.27%",477.44,28869.14
"2024-01-19","Au99.99",478.1,482.0,477.1,479.51,3.51,"0.74%",479.82,14881.74
"2024-01-22","Au99.99",480.1,481.0,477.5,478.39,-1.12,"-0.23%",479.73,20485.24
"2024-01-23","Au99.99",479.49,479.65,477.5,478.52,0.13,"0.03%",478.35,16100.68
"2024-01-24","Au99.99",478.31,479.0,477.8,478.0,-0.52,"-0.11%",478.45,18980.82
"2024-01-25","Au99.99",479.45,479.5,475.0,475.8,-2.2,"-0.46%",476.18,21079.44
"2024-01-26","Au99.99",476.5,479.5,475.75,479.26,3.46,"0.73%",478.37,16673.74
"2024-01-29","Au99.99",478.45,480.2,476.0,479.2,-0.06,"-0.01%",479.22,22269.12
"2024-01-30","Au99.99",478.11,480.9,478.11,480.15,0.95,"0.20%",480.33,14099.58
"2024-01-31","Au99.99",479.5,481.93,479.5,480.0,-0.15,"-0.03%",480.57,12557.0
"2024-02-01","Au99.99",480.01,482.2,480.0,480.0,0.0,"0.00%",481.5,15215.58
"2024-02-02","Au99.99",479.81,483.8,479.81,483.55,3.55,"0.74%",483.28,10879.34
"2024-02-05","Au99.99",484.0,484.0,479.08,479.11,-4.44,"-0.92%",481.01,15799.46
"2024-02-06","Au99.99",480.79,480.79,477.0,478.81,-0.3,"-0.06%",479.57,9541.94
"2024-02-07","Au99.99",479.8,481.28,478.6,480.08,1.27,"0.27%",480.66,8017.42
"2024-02-08","Au99.99",479.11,482.49,479.0,480.58,0.5,"0.10%",481.14,10063.5
"2024-02-09","Au99.99",479.2,482.2,478.48,479.99,-0.59,"-0.12%",480.73,5420.0
"2024-02-19","Au99.99",478.1,481.9,477.5,479.52,-0.47,"-0.10%",479.37,31702.54
"2024-02-20","Au99.99",479.52,480.3,479.08,479.66,0.14,"0.03%",479.67,25552.06
"2024-02-21","Au99.99",480.95,480.95,479.31,479.57,-0.09,"-0.02%",480.07,13918.46
"2024-02-22","Au99.99",479.21,480.4,478.4,479.32,-0.25,"-0.05%",479.21,17491.5
"2024-02-23","Au99.99",479.21,480.0,477.65,477.81,-1.51,"-0.32%",478.61,16090.64
"2024-02-26","Au99.99",478.8,481.0,478.8,480.57,2.76,"0.58%",480.65,11465.5
"2024-02-27","Au99.99",480.79,481.3,479.58,481.3,0.73,"0.15%",480.7,7588.14
"2024-02-28","Au99.99",481.3,481.97,480.05,480.1,-1.2,"-0.25%",480.56,8592.14
"2024-02-29","Au99.99",479.6,481.5,479.6,480.96,0.86,"0.18%",480.91,6880.04
"2024-03-01","Au99.99",480.0,483.44,480.0,483.4,2.44,"0.51%",482.81,11685.68
"2024-03-04","Au99.99",482.88,490.0,482.88,489.0,5.6,"1.16%",489.43,9286.32
"2024-03-05","Au99.99",489.43,496.6,489.0,496.52,7.52,"1.54%",495.32,10983.64
"2024-03-06","Au99.99",498.09,503.99,497.5,499.76,3.24,"0.65%",498.48,11147.76
"2024-03-07","Au99.99",499.5,506.0,499.5,505.1,5.34,"1.07%",504.28,10666.76
"2024-03-08","Au99.99",505.1,505.99,503.0,505.84,0.74,"0.15%",504.79,9342.46
"2024-03-11","Au99.99",507.0,509.99,505.1,507.29,1.45,"0.29%",507.84,11214.08
"2024-03-12","Au99.99",507.3,507.9,505.15,505.24,-2.05,"-0.40%",506.74,8635.24
"2024-03-13","Au99.99",504.5,506.0,503.26,504.79,-0.45,"-0.09%",504.33,13162.48
"2024-03-14","Au99.99",505.2,507.95,505.0,505.2,0.41,"0.08%",506.36,6961.58
"2024-03-15","Au99.99",505.3,507.2,504.5,507.12,1.92,"0.38%",506.15,10185.02
"2024-03-18","Au99.99",505.5,506.3,502.7,503.26,-3.86,"-0.76%",503.42,10146.66
"2024-03-19","Au99.99",504.5,505.94,503.21,504.06,0.8,"0.16%",504.44,10873.84
"2024-03-20","Au99.99",504.2,505.2,503.6,505.2,1.14,"0.23%",504.91,8102.4
"2024-03-21","Au99.99",504.51,514.95,504.0,514.94,9.74,"1.93%",514.21,15456.88
"2024-03-22","Au99.99",514.94,515.5,508.0,511.16,-3.78,"-0.73%",511.21,12209.02
"2024-03-25","Au99.99",510.7,514.8,510.7,511.13,-0.03,"-0.01%",512.62,12879.04
"2024-03-26","Au99.99",511.2,513.9,511.2,512.52,1.39,"0.27%",512.86,12660.36
"2024-03-27","Au99.99",517.0,517.5,514.0,515.94,3.42,"0.67%",515.03,11755.02
"2024-03-28","Au99.99",516.0,518.9,516.0,518.8,2.86,"0.55%",517.44,13231.42
"2024-03-29","Au99.99",520.5,538.0,519.0,527.54,8.74,"1.68%",527.72,19152.08
"2024-04-01","Au99.99",528.0,533.8,527.11,533.74,6.2,"1.18%",532.33,16442.06
"2024-04-02","Au99.99",529.81,533.9,528.0,533.8,0.06,"0.01%",532.62,14610.88
"2024-04-03","Au99.99",533.8,540.7,533.0,537.5,3.7,"0.69%",539.6,17672.44
"2024-04-08","Au99.99",537.5,560.0,537.5,554.11,16.61,"3.09%",552.81,25204.7
"2024-04-09","Au99.99",552.0,558.3,550.5,555.5,1.39,"0.25%",555.61,25558.48
"2024-04-10","Au99.99",556.0,559.97,554.5,557.9,2.4,"0.43%",557.43,17173.4
"2024-04-11","Au99.99",554.3,556.89,551.0,554.14,-3.76,"-0.67%",554.95,19175.42
"2024-04-12","Au99.99",553.5,569.87,553.5,567.21,13.07,"2.36%",566.49,16110.18
"2024-04-15","Au99.99",567.01,576.99,556.0,558.68,-8.53,"-1.50%",561.43,29370.68
"2024-04-16","Au99.99",559.0,569.0,552.66,562.5,3.82,"0.68%",565.81,14841.34
"2024-04-17","Au99.99",562.61,569.0,562.02,564.46,1.96,"0.35%",565.67,13674.22
"2024-04-18","Au99.99",566.3,568.0,558.8,563.37,-1.09,"-0.19%",561.77,9874.98
"2024-04-19","Au99.99",562.8,573.96,561.0,565.55,2.18,"0.39%",567.2,9604.92
"2024-04-22","Au99.99",563.1,567.6,555.8,556.55,-9.0,"-1.59%",560.07,11469.94
"2024-04-23","Au99.99",552.8,553.55,542.01,544.01,-12.54,"-2.25%",545.05,11876.42
"2024-04-24","Au99.99",544.0,549.3,544.0,548.33,4.32,"0.79%",547.73,12047.44
"2024-04-25","Au99.99",546.01,550.0,544.6,548.16,-0.17,"-0.03%",547.09,9228.32
"2024-04-26","Au99.99",555.0,555.0,546.0,553.0,4.84,"0.88%",550.45,11807.96
"2024-04-29","Au99.99",552.0,553.0,548.0,549.06,-3.94,"-0.71%",548.88,14023.7
"2024-04-30","Au99.99",549.2,550.0,545.67,545.8,-3.26,"-0.59%",547.21,9798.2
"2024-05-06","Au99.99",545.8,545.8,540.0,544.13,-1.67,"-0.31%",543.01,8944.7
"2024-05-07","Au99.99",544.1,547.6,543.3,544.84,0.71,"0.13%",545.54,7234.94
"2024-05-08","Au99.99",543.0,545.9,542.5,544.18,-0.66,"-0.12%",544.27,7743.62
"2024-05-09","Au99.99",545.6,545.6,543.0,543.43,-0.75,"-0.14%",543.72,5752.38
"2024-05-10","Au99.99",544.0,556.4,544.0,556.34,12.91,"2.38%",553.3,7754.06
"2024-05-13","Au99.99",556.5,558.0,552.1,553.01,-3.33,"-0.60%",554.04,9666.76
"2024-05-14","Au99.99",552.0,553.6,550.6,550.66,-2.35,"-0.42%",552.14,9671.78
"2024-05-15","Au99.99",552.8,561.5,552.3,555.99,5.33,"0.97%",555.43,6951.14
"2024-05-16","Au99.99",555.0,563.5,554.5,560.35,4.36,"0.78%",561.17,8788.08
"2024-05-17","Au99.99",559.5,563.0,558.5,561.44,1.09,"0.19%",560.16,6402.94
"2024-05-20","Au99.99",562.0,578.0,562.0,573.8,12.36,"2.20%",573.89,12573.8
"2024-05-21","Au99.99",572.0,576.0,566.3,568.96,-4.84,"-0.84%",570.2,6834.7
"2024-05-22","Au99.99",570.5,572.5,568.1,568.6,-0.36,"-0.06%",569.35,7459.64
"2024-05-23","Au99.99",570.0,570.0,554.0,556.72,-11.88,"-2.09%",557.02,10204.94
"2024-05-24","Au99.99",556.54,556.54,547.52,551.43,-5.29,"-0.95%",549.78,11745.12
"2024-05-27","Au99.99",551.0,554.98,550.83,551.6,0.17,"0.03%",552.7,10694.58
"2024-05-28","Au99.99",553.0,556.3,552.5,552.7,1.1,"0.20%",554.85,8898.5
"2024-05-29","Au99.99",556.0,558.0,554.9,555.76,3.06,"0.55%",556.24,8848.48
"2024-05-30","Au99.99",555.0,555.0,548.5,551.72,-4.04,"-0.73%",550.97,8561.86
"2024-05-31","Au99.99",551.5,558.3,551.5,553.6,1.88,"0.34%",552.99,7702.46
"2024-06-03","Au99.99",553.5,556.5,546.38,549.19,-4.41,"-0.80%",549.1,10866.54
"2024-06-04","Au99.99",550.0,554.8,550.0,553.49,4.3,"0.78%",553.84,9205.42
"2024-06-05","Au99.99",548.5,553.0,547.31,550.25,-3.24,"-0.59%",550.89,6831.02
"2024-06-06","Au99.99",550.8,561.0,550.8,559.36,9.11,"1.66%",558.75,9267.28
"2024-06-07","Au99.99",556.0,562.0,556.0,559.9,0.54,"0.10%",559.82,7573.66
"2024-06-11","Au99.99",545.0,548.0,541.88,543.95,-15.95,"-2.85%",543.27,10719.54
"2024-06-12","Au99.99",544.0,546.5,544.0,545.97,2.02,"0.37%",545.65,10242.14
"2024-06-13","Au99.99",550.5,550.5,544.0,546.26,0.29,"0.05%",545.35,11030.22
"2024-06-14","Au99.99",544.5,547.0,542.0,546.24,-0.02,"0.00%",545.09,6988.52
"2024-06-17","Au99.99",550.0,552.0,546.2,547.33,1.09,"0.20%",547.94,8005.28
"2024-06-18","Au99.99",546.0,548.88,546.0,547.64,0.31,"0.06%",548.15,5985.38
"2024-06-19","Au99.99",547.2,554.0,546.0,550.06,2.42,"0.44%",549.59,8695.96
"2024-06-20","Au99.99",550.0,554.58,549.0,554.35,4.29,"0.78%",552.8,7662.62
"2024-06-21","Au99.99",552.0,558.8,552.0,556.25,1.9,"0.34%",557.58,7637.26
"2024-06-24","Au99.99",558.0,559.0,548.0,549.98,-6.27,"-1.13%",549.06,9385.98
"2024-06-25","Au99.99",549.0,550.5,548.5,549.75,-0.23,"-0.04%",549.27,8178.48
"2024-06-26","Au99.99",550.1,551.0,544.74,546.18,-3.57,"-0.65%",546.37,9190.5
"2024-06-27","Au99.99",546.9,546.9,542.3,543.88,-2.3,"-0.42%",542.98,11213.84
"2024-06-28","Au99.99",547.5,550.1,547.31,549.88,6.0,"1.10%",548.62,6558.34
"2024-07-01","Au99.99",549.0,551.0,547.8,549.2,-0.68,"-0.12%",549.16,8845.64
"2024-07-02","Au99.99",552.0,552.0,549.0,549.5,0.3,"0.05%",550.47,5693.64
"2024-07-03","Au99.99",549.0,554.2,549.0,554.16,4.66,"0.85%",551.69,6551.46
"2024-07-04","Au99.99",554.5,558.0,554.5,556.45,2.29,"0.41%",556.86,6484.0
"2024-07-05","Au99.99",557.5,558.09,555.6,557.96,1.51,"0.27%",557.27,8835.26
"2024-07-08","Au99.99",556.01,563.5,556.01,559.22,1.26,"0.23%",561.19,10110.92
"2024-07-09","Au99.99",559.0,559.8,555.42,555.9,-3.32,"-0.59%",557.09,6855.24
"2024-07-10","Au99.99",556.0,560.88,554.3,560.85,4.95,"0.89%",558.47,9300.34
"2024-07-11","Au99.99",561.55,561.9,559.15,561.78,0.93,"0.17%",560.77,7411.16
"2024-07-12","Au99.99",558.8,567.49,558.8,563.26,1.48,"0.26%",565.55,8791.1
"2024-07-15","Au99.99",564.0,566.4,563.45,563.66,0.4,"0.07%",565.31,9841.94
"2024-07-16","Au99.99",567.0,571.3,566.49,570.82,7.16,"1.27%",569.77,9169.84
"2024-07-17","Au99.99",571.0,581.5,569.31,577.37,6.55,"1.15%",578.47,8784.02
"2024-07-18","Au99.99",576.0,579.22,572.8,577.56,0.19,"0.03%",575.95,6397.34
"2024-07-19","Au99.99",575.01,575.6,560.2,561.9,-15.66,"-2.71%",564.99,9589.4
"2024-07-22","Au99.99",560.0,563.7,556.5,563.32,1.42,"0.25%",562.71,9682.88
"2024-07-23","Au99.99",562.0,563.79,558.56,560.0,-3.32,"-0.59%",560.5,7180.0
"2024-07-24","Au99.99",562.9,566.48,562.86,566.35,6.35,"1.13%",565.43,7482.32
"2024-07-25","Au99.99",566.2,568.2,550.9,552.4,-13.95,"-2.46%",554.34,10759.96
"2024-07-26","Au99.99",549.01,557.88,548.0,555.5,3.1,"0.56%",554.29,12545.88
"2024-07-29","Au99.99",555.5,560.99,555.5,558.79,3.29,"0.59%",558.75,9926.74
"2024-07-30","Au99.99",558.0,559.5,553.5,558.68,-0.11,"-0.02%",557.87,7260.04
"2024-07-31","Au99.99",558.0,565.5,556.8,563.26,4.58,"0.82%",563.21,7289.76
"2024-08-01","Au99.99",563.0,571.0,563.0,568.61,5.35,"0.95%",568.5,6637.14
"2024-08-02","Au99.99",568.5,571.5,566.26,571.17,2.56,"0.45%",570.16,6222.1
"2024-08-05","Au99.99",570.0,570.0,554.0,560.7,-10.47,"-1.83%",559.27,11212.7
"2024-08-06","Au99.99",550.0,559.4,544.0,554.28,-6.42,"-1.14%",554.14,12622.9
"2024-08-07","Au99.99",555.2,558.9,550.07,554.7,0.42,"0.08%",553.33,13570.36
"2024-08-08","Au99.99",556.5,556.7,552.0,555.16,0.46,"0.08%",553.64,13759.66
"2024-08-09","Au99.99",558.0,562.0,557.2,560.94,5.78,"1.04%",559.95,11270.42
"2024-08-12","Au99.99",560.5,564.49,560.05,564.1,3.16,"0.56%",562.28,8153.94
"2024-08-13","Au99.99",564.4,570.98,564.4,567.84,3.74,"0.66%",568.44,6291.06
"2024-08-14","Au99.99",568.0,568.15,563.5,566.71,-1.13,"-0.20%",565.89,6521.64
"2024-08-15","Au99.99",567.5,567.5,561.0,565.66,-1.05,"-0.19%",564.88,7610.84
"2024-08-16","Au99.99",566.0,567.9,562.0,566.14,0.48,"0.08%",566.55,7256.8
"2024-08-19","Au99.99",561.02,574.01,561.02,572.26,6.12,"1.08%",571.86,7753.74
"2024-08-20","Au99.99",570.5,573.9,569.6,572.75,0.49,"0.09%",571.9,8861.4
"2024-08-21","Au99.99",576.0,576.0,570.5,574.5,1.75,"0.31%",574.54,4829.76
"2024-08-22","Au99.99",574.0,574.95,571.5,572.89,-1.61,"-0.28%",572.89,7068.0
"2024-08-23","Au99.99",573.0,573.0,567.0,571.58,-1.31,"-0.23%",571.14,6796.44
"2024-08-26","Au99.99",572.5,575.0,571.05,574.89,3.31,"0.58%",573.67,7891.16
"2024-08-27","Au99.99",576.0,576.0,572.5,573.99,-0.9,"-0.16%",573.78,8474.6
"2024-08-28","Au99.99",573.5,576.0,573.0,573.33,-0.66,"-0.11%",574.62,7819.96
"2024-08-29","Au99.99",572.5,575.7,571.5,574.9,1.57,"0.27%",575.05,6528.58
"2024-08-30","Au99.99",574.0,575.97,571.8,573.44,-1.46,"-0.25%",573.23,7022.1
"2024-09-02","Au99.99",573.0,573.99,568.6,570.7,-2.74,"-0.48%",570.07,8958.52
"2024-09-03","Au99.99",571.0,572.0,569.5,571.48,0.78,"0.14%",570.79,8237.46
"2024-09-04","Au99.99",569.65,570.5,566.6,567.53,-3.95,"-0.69%",569.23,9709.54
"2024-09-05","Au99.99",569.8,571.8,568.61,571.79,4.26,"0.75%",569.89,8919.44
"2024-09-06","Au99.99",572.5,573.2,571.0,572.84,1.05,"0.18%",572.47,11240.96
"2024-09-09","Au99.99",571.7,573.0,566.5,570.26,-2.58,"-0.45%",569.59,11717.56
"2024-09-10","Au99.99",570.3,572.8,570.0,572.72,2.46,"0.43%",572.23,7171.82
"2024-09-11","Au99.99",574.0,575.78,571.95,575.74,3.02,"0.53%",574.66,7383.82
"2024-09-12","Au99.99",575.5,575.5,571.8,575.0,-0.74,"-0.13%",574.22,8876.46
"2024-09-13","Au99.99",575.0,583.8,575.0,582.54,7.54,"1.31%",582.72,9556.6
"2024-09-18","Au99.99",584.99,585.0,581.85,581.98,-0.56,"-0.10%",582.95,10007.52
"2024-09-19","Au99.99",583.5,585.0,579.2,583.05,1.07,"0.18%",581.5,9518.12
"2024-09-20","Au99.99",585.0,588.32,582.0,588.3,5.25,"0.90%",585.57,9621.6
"2024-09-23","Au99.99",590.0,593.96,588.0,592.2,3.9,"0.66%",592.27,13481.22
"2024-09-24","Au99.99",592.5,595.0,590.6,592.0,-0.2,"-0.03%",593.33,12293.26
"2024-09-25","Au99.99",591.0,599.28,587.35,595.66,3.66,"0.62%",596.89,12710.08
"2024-09-26","Au99.99",597.5,600.0,596.8,597.15,1.49,"0.25%",597.59,10485.16
"2024-09-27","Au99.99",600.0,600.56,596.0,597.16,0.01,"0.00%",598.49,13161.14
"2024-09-30","Au99.99",598.7,598.8,593.0,595.25,-1.91,"-0.32%",594.4,11882.02
"2024-10-08","Au99.99",592.01,601.0,592.01,593.4,-1.85,"-0.31%",595.66,11453.48
"2024-10-09","Au99.99",595.0,596.5,586.5,588.6,-4.8,"-0.81%",588.61,11779.04
"2024-10-10","Au99.99",589.0,595.0,586.6,590.89,2.29,"0.39%",588.19,9283.32
"2024-10-11","Au99.99",590.18,597.5,590.0,597.3,6.41,"1.08%",595.97,9382.56
"2024-10-14","Au99.99",596.5,602.8,596.5,600.82,3.52,"0.59%",599.44,7940.22
"2024-10-15","Au99.99",600.0,603.45,598.0,603.26,2.44,"0.41%",601.15,8730.3
"2024-10-16","Au99.99",602.0,610.59,602.0,609.96,6.7,"1.11%",607.98,8941.72
"2024-10-17","Au99.99",610.0,613.5,609.0,612.66,2.7,"0.44%",612.27,8465.16
"2024-10-18","Au99.99",612.3,621.39,612.0,616.83,4.17,"0.68%",618.72,12773.8
"2024-10-21","Au99.99",618.0,624.7,610.0,624.06,7.23,"1.17%",622.95,13692.42
"2024-10-22","Au99.99",625.99,627.0,620.0,625.0,0.94,"0.15%",624.62,11178.38
"2024-10-23","Au99.99",625.0,628.85,625.0,628.68,3.68,"0.59%",627.15,13868.82
"2024-10-24","Au99.99",628.68,628.68,617.0,623.03,-5.65,"-0.90%",621.45,14568.82
"2024-10-25","Au99.99",623.5,624.5,620.0,621.5,-1.53,"-0.25%",622.44,14748.9
"2024-10-28","Au99.99",621.0,626.24,621.0,624.65,3.15,"0.51%",624.52,14392.94
"2024-10-29","Au99.99",624.5,630.0,623.5,629.5,4.85,"0.78%",628.94,12083.14
"2024-10-30","Au99.99",629.0,637.49,628.61,636.75,7.25,"1.15%",635.86,10672.54
"2024-10-31","Au99.99",635.01,655.0,633.51,634.0,-2.75,"-0.43%",635.47,9663.06
"2024-11-01","Au99.99",634.0,634.0,622.5,627.67,-6.33,"-1.00%",628.0,12763.48
"2024-11-04","Au99.99",628.0,630.0,621.55,623.48,-4.19,"-0.67%",623.77,13076.06
"2024-11-05","Au99.99",623.48,625.0,620.0,623.78,0.3,"0.05%",622.11,10685.0
"2024-11-06","Au99.99",623.5,629.78,621.0,624.69,0.91,"0.15%",626.5,8799.34
"2024-11-07","Au99.99",622.7,622.7,608.0,610.01,-14.68,"-2.35%",610.65,10035.04
"2024-11-08","Au99.99",610.0,617.38,610.0,612.85,2.84,"0.47%",615.05,12188.0
"2024-11-11","Au99.99",615.0,619.0,612.31,613.3,0.45,"0.07%",613.61,9477.2
"2024-11-12","Au99.99",612.1,612.1,602.4,602.81,-10.49,"-1.71%",605.31,10360.04
"2024-11-13","Au99.99",601.7,604.98,601.6,603.09,0.28,"0.05%",603.24,8548.94
"2024-11-14","Au99.99",603.24,604.55,589.0,591.12,-11.97,"-1.98%",593.36,11199.98
"2024-11-15","Au99.99",591.0,595.3,590.0,591.97,0.85,"0.14%",592.94,8435.7
"2024-11-18","Au99.99",591.5,602.0,591.5,598.77,6.8,"1.15%",598.6,12778.74
"2024-11-19","Au99.99",601.0,608.2,599.0,607.3,8.53,"1.42%",606.67,11283.74
"2024-11-20","Au99.99",610.0,611.89,607.0,608.0,0.7,"0.12%",610.7,9167.48
"2024-11-21","Au99.99",609.7,616.68,609.7,616.42,8.42,"1.38%",615.47,10831.72
"2024-11-22","Au99.99",617.0,624.0,616.5,623.91,7.49,"1.22%",622.16,11993.28
"2024-11-25","Au99.99",625.0,627.0,614.0,616.51,-7.4,"-1.19%",618.71,8965.8
"2024-11-26","Au99.99",620.0,620.0,606.0,607.0,-9.51,"-1.54%",608.2,8198.08
"2024-11-27","Au99.99",609.0,614.49,607.0,613.8,6.8,"1.12%",612.11,8381.12
"2024-11-28","Au99.99",614.9,614.9,606.01,611.77,-2.03,"-0.33%",608.91,8231.32
"2024-11-29","Au99.99",612.0,616.2,609.0,614.88,3.11,"0.51%",614.34,7079.66
"2024-12-02","Au99.99",616.0,616.0,608.2,613.18,-1.7,"-0.28%",610.74,6830.52
"2024-12-03","Au99.99",615.0,618.0,615.0,616.72,3.54,"0.58%",616.33,7359.46
"2024-12-04","Au99.99",616.0,618.0,614.8,615.86,-0.86,"-0.14%",616.42,7341.18
"2024-12-05","Au99.99",615.0,617.99,614.0,616.0,0.14,"0.02%",616.72,6480.88
"2024-12-06","Au99.99",616.0,616.0,609.06,614.09,-1.91,"-0.31%",612.4,7711.26
"2024-12-09","Au99.99",613.8,618.5,612.0,617.26,3.17,"0.52%",616.86,7703.44
"2024-12-10","Au99.99",619.0,622.5,618.41,619.63,2.37,"0.38%",619.86,8527.94
"2024-12-11","Au99.99",621.0,627.0,621.0,624.79,5.16,"0.83%",624.83,8740.2
"2024-12-12","Au99.99",626.0,629.9,625.5,628.83,4.04,"0.65%",628.2,7726.26
"2024-12-13","Au99.99",626.5,631.0,621.25,622.43,-6.4,"-1.02%",624.28,8565.4
"2024-12-16","Au99.99",620.0,625.0,616.35,618.34,-4.09,"-0.66%",617.42,11574.2
"2024-12-17","Au99.99",621.0,621.0,616.7,618.21,-0.13,"-0.02%",618.74,9575.22
"2024-12-18","Au99.99",616.0,619.0,614.0,616.5,-1.71,"-0.28%",617.11,9319.12
"2024-12-19","Au99.99",616.5,616.5,607.0,614.53,-1.97,"-0.32%",611.64,14778.14
"2024-12-20","Au99.99",615.0,616.0,608.0,611.83,-2.7,"-0.44%",610.96,12966.9
"2024-12-23","Au99.99",611.1,618.94,611.1,618.4,6.57,"1.07%",617.52,11136.88
"2024-12-24","Au99.99",600.0,617.0,600.0,616.34,-2.06,"-0.33%",615.98,9607.56
"2024-12-25","Au99.99",615.2,617.89,615.05,616.8,0.46,"0.07%",617.12,8153.06
"2024-12-26","Au99.99",617.5,618.98,616.5,618.07,1.27,"0.21%",617.95,10179.12
"2024-12-27","Au99.99",618.0,619.5,618.0,618.55,0.48,"0.08%",618.72,10013.18
"2024-12-30","Au99.99",616.5,618.0,614.5,616.5,-2.05,"-0.33%",616.73,10156.7
"2024-12-31","Au99.99",615.5,617.7,613.6,614.8,-1.7,"-0.28%",614.93,8629.54
"2025-01-02","Au99.99",614.0,622.6,614.0,621.99,7.19,"1.17%",621.27,12745.84
"2025-01-03","Au99.99",624.4,627.6,624.4,626.87,4.88,"0.78%",626.52,11230.76
"2025-01-06","Au99.99",627.5,629.0,623.9,624.32,-2.55,"-0.41%",625.52,14292.08
"2025-01-07","Au99.99",626.0,626.0,619.0,625.0,0.68,"0.11%",624.45,12672.34
"2025-01-08","Au99.99",626.0,630.0,625.0,628.35,3.35,"0.54%",626.42,11148.34
"2025-01-09","Au99.99",626.5,631.0,626.5,630.37,2.02,"0.32%",628.64,11930.18
"2025-01-10","Au99.99",632.7,635.0,631.0,633.82,3.45,"0.55%",633.18,14013.76
"2025-01-13","Au99.99",633.5,638.98,632.5,636.9,3.08,"0.49%",636.32,15313.56
"2025-01-14","Au99.99",634.5,634.5,630.5,632.44,-4.46,"-0.70%",631.99,15678.74
"2025-01-15","Au99.99",633.0,635.9,630.0,634.5,2.06,"0.33%",633.68,12568.0
"2025-01-16","Au99.99",634.7,638.6,634.5,637.04,2.54,"0.40%",637.42,10434.94
"2025-01-17","Au99.99",638.0,641.2,637.5,637.63,0.59,"0.09%",639.85,10660.92
"2025-01-20","Au99.99",637.5,640.0,632.5,637.5,-0.13,"-0.02%",635.96,10144.96
"2025-01-21","Au99.99",636.5,640.0,632.0,639.0,1.5,"0.24%",637.17,10897.08
"2025-01-22","Au99.99",637.65,646.4,637.6,643.48,4.48,"0.70%",643.72,8124.32
"2025-01-23","Au99.99",644.0,645.99,642.0,644.02,0.54,"0.08%",644.07,7412.1
"2025-01-24","Au99.99",644.0,647.98,641.01,645.51,1.49,"0.23%",646.56,8659.9
"2025-01-27","Au99.99",646.5,650.0,642.75,643.1,-2.41,"-0.37%",645.07,6404.84
"2025-02-05","Au99.99",669.21,669.78,660.5,667.87,24.77,"3.85%",667.85,9334.18
"2025-02-06","Au99.99",668.88,671.65,666.51,667.38,-0.49,"-0.07%",669.94,12427.72
"2025-02-07","Au99.99",670.0,670.0,663.0,668.99,1.61,"0.24%",668.97,8918.4
"2025-02-10","Au99.99",669.0,679.99,666.0,679.65,10.66,"1.59%",675.4,12495.42
"2025-02-11","Au99.99",682.0,692.0,679.0,683.52,3.87,"0.57%",686.48,15833.22
"2025-02-12","Au99.99",681.0,682.81,677.5,680.21,-3.31,"-0.48%",679.96,12594.46
"2025-02-13","Au99.99",677.8,685.47,675.0,683.86,3.65,"0.54%",683.76,12135.32
"2025-02-14","Au99.99",684.5,687.5,683.5,686.58,2.72,"0.40%",686.6,10894.24
"2025-02-17","Au99.99",686.0,687.0,674.0,676.28,-10.3,"-1.50%",675.95,15275.02
"2025-02-18","Au99.99",677.0,683.4,676.8,682.85,6.57,"0.97%",680.86,10441.16
"2025-02-19","Au99.99",685.0,689.99,682.0,686.9,4.05,"0.59%",687.2,9960.9
"2025-02-20","Au99.99",688.0,689.49,684.0,689.18,2.28,"0.33%",687.95,9567.86
"2025-02-21","Au99.99",688.3,690.0,681.2,683.47,-5.71,"-0.83%",684.35,10892.72
"2025-02-24","Au99.99",683.0,687.0,681.9,685.58,2.11,"0.31%",684.63,12291.68
"2025-02-25","Au99.99",687.99,688.59,684.0,685.17,-0.41,"-0.06%",686.42,9741.44
"2025-02-26","Au99.99",684.0,686.99,675.0,679.3,-5.87,"-0.86%",680.94,10195.3
"2025-02-27","Au99.99",680.0,681.7,675.3,676.52,-2.78,"-0.41%",678.2,9667.76
"2025-02-28","Au99.99",676.0,677.8,670.0,670.78,-5.74,"-0.85%",673.01,9780.24
"2025-03-03","Au99.99",671.0,676.28,665.5,671.78,1.0,"0.15%",671.69,10061.72
"2025-03-04","Au99.99",674.0,679.99,673.0,679.97,8.19,"1.22%",676.48,8446.0
"2025-03-05","Au99.99",680.0,682.47,678.3,681.57,1.6,"0.24%",680.54,10594.5
"2025-03-06","Au99.99",681.0,681.8,677.0,679.7,-1.87,"-0.27%",680.66,8483.4
"2025-03-07","Au99.99",677.0,680.7,677.0,679.48,-0.22,"-0.03%",678.65,10313.98
"2025-03-10","Au99.99",680.0,684.0,678.5,681.99,2.51,"0.37%",680.6,11337.64
"2025-03-11","Au99.99",680.9,680.9,675.0,676.71,-5.28,"-0.77%",676.38,10158.12
"2025-03-12","Au99.99",679.0,680.4,678.0,679.43,2.72,"0.40%",679.04,9461.1
"2025-03-13","Au99.99",680.0,685.89,679.0,683.77,4.34,"0.64%",684.56,6326.66
"2025-03-14","Au99.99",685.5,697.79,685.5,692.67,8.9,"1.30%",694.65,7907.52
"2025-03-17","Au99.99",698.0,698.0,693.8,695.4,2.73,"0.39%",695.08,8427.84
"2025-03-18","Au99.99",696.0,701.35,695.0,700.8,5.4,"0.78%",699.81,8643.04
"2025-03-19","Au99.99",702.0,708.5,702.0,707.7,6.9,"0.98%",706.1,9087.16
"2025-03-20","Au99.99",701.5,710.89,701.5,709.09,1.39,"0.20%",709.16,8900.02
"2025-03-21","Au99.99",707.55,710.0,704.39,706.55,-2.54,"-0.36%",706.81,8901.22
"2025-03-24","Au99.99",706.5,707.0,701.0,705.92,-0.63,"-0.09%",705.46,11652.5
"2025-03-25","Au99.99",705.41,705.8,703.0,704.56,-1.36,"-0.19%",704.54,10436.74
"2025-03-26","Au99.99",705.0,708.0,705.0,707.79,3.23,"0.46%",706.66,11755.56
"2025-03-27","Au99.99",706.5,709.7,705.5,709.29,1.5,"0.21%",708.52,12609.4
"2025-03-28","Au99.99",714.0,722.0,711.1,721.03,11.74,"1.66%",719.56,14237.02
"2025-03-31","Au99.99",721.5,730.9,719.0,730.8,9.77,"1.36%",726.52,19696.52
"2025-04-01","Au99.99",730.8,739.4,726.0,735.84,5.04,"0.69%",736.03,22584.82
"2025-04-02","Au99.99",738.1,738.1,730.0,732.5,-3.34,"-0.45%",734.45,16407.04
"2025-04-03","Au99.99",735.9,747.5,732.0,738.94,6.44,"0.88%",741.01,18626.88
"2025-04-07","Au99.99",705.0,727.0,703.31,713.98,-24.96,"-3.38%",717.29,21418.3
"2025-04-08","Au99.99",718.9,719.9,710.0,717.5,3.52,"0.49%",715.77,16656.36
"2025-04-09","Au99.99",718.0,729.0,713.0,728.88,11.38,"1.59%",720.32,19055.22
"2025-04-10","Au99.99",732.0,744.99,728.0,741.26,12.38,"1.70%",741.45,16472.68
"2025-04-11","Au99.99",743.5,762.0,740.5,757.1,15.84,"2.14%",759.26,17310.22
"2025-04-14","Au99.99",757.0,765.5,756.31,762.47,5.37,"0.71%",763.08,16882.5
"2025-04-15","Au99.99",765.3,765.3,757.0,762.9,0.43,"0.06%",762.65,12864.42
"2025-04-16","Au99.99",762.0,781.9,761.5,781.62,18.72,"2.45%",777.08,14001.56
"2025-04-17","Au99.99",782.0,795.36,780.0,786.0,4.38,"0.56%",789.47,26860.66
"2025-04-18","Au99.99",788.5,790.49,778.0,788.62,2.62,"0.33%",788.6,15482.78
"2025-04-21","Au99.99",790.0,806.0,787.0,804.11,15.49,"1.96%",801.02,26503.0
"2025-04-22","Au99.99",808.2,834.6,805.0,825.8,21.69,"2.70%",825.06,33896.18
"2025-04-23","Au99.99",829.0,829.0,780.55,786.99,-38.81,"-4.70%",797.36,27249.28
"2025-04-24","Au99.99",787.0,802.3,775.0,792.47,5.48,"0.70%",793.75,22494.66
"2025-04-25","Au99.99",792.47,803.0,780.5,785.6,-6.87,"-0.87%",789.17,14161.08
"2025-04-28","Au99.99",787.6,788.0,776.01,778.4,-7.2,"-0.92%",780.17,12972.42
"2025-04-29","Au99.99",781.0,791.0,780.0,780.05,1.65,"0.21%",784.04,12034.16
"2025-04-30","Au99.99",783.0,784.76,778.01,780.19,0.14,"0.02%",780.97,8343.96
"2025-05-06","Au99.99",785.0,797.5,785.0,792.2,12.01,"1.54%",792.54,12694.96
"2025-05-07","Au99.99",792.9,801.0,791.8,798.51,6.31,"0.80%",797.44,12151.2
"2025-05-08","Au99.99",789.0,807.9,785.0,786.5,-12.01,"-1.50%",794.3,15787.08
"2025-05-09","Au99.99",792.0,799.0,774.05,785.5,-1.0,"-0.13%",781.66,12024.8
"2025-05-12","Au99.99",787.0,788.0,755.0,759.0,-26.5,"-3.37%",768.3,11552.36
"2025-05-13","Au99.99",743.0,765.8,742.0,763.9,4.9,"0.65%",759.71,9024.62
"2025-05-14","Au99.99",760.0,764.0,757.05,758.38,-5.52,"-0.72%",759.49,8915.2
"2025-05-15","Au99.99",753.8,755.0,729.0,735.86,-22.52,"-2.97%",736.17,10512.94
"2025-05-16","Au99.99",743.5,755.0,739.0,746.4,10.54,"1.43%",748.78,12330.58
"2025-05-19","Au99.99",735.0,756.79,735.0,754.5,8.1,"1.09%",752.55,8373.96
